Workbook

Sheet Raw data
A1: Order_ID | B1: Customer_Name | C1: Region | D1: Channel | E1: Brand | F1: Product_Name | G1: Category | H1: Quantity | I1: Unit_Price | J1: Total_Amount
A2: 1001 | B2: Pet Palace | C2: Northeast | D2: Wholesale | E2: Herbsmith | F2: Hip & Joint Chews | G2: Joint Support | H2: 50 | I2: 45 | J2: 2250
A3: 1002 | B3: Healthy Paws | C3: West | D3: WooCommerce | E3: SFP | F3: Smooth BM Plus | G3: Digestive | H3: 30 | I3: 38 | J3: 1140
A4: 1003 | B4: FurEver Care | C4: South | D4: Wholesale | E4: MVD | F4: Liver Treats | G4: Immunity | H4: 20 | I4: 52 | J4: 1040
A5: 1004 | B5: Paws & Play | C5: Midwest | D5: WooCommerce | E5: Herbsmith | F5: Carna4 Fish Formula | G5: Nutrition | H5: 15 | I5: 60 | J5: 900
A6: 1005 | B6: Green Pet Co | C6: Northeast | D6: Wholesale | E6: SFP | F6: Comfort Vet | G6: Joint Support | H6: 25 | I6: 42 | J6: 1050
A7: 1006 | B7: Pet Palace | C7: Northeast | D7: Wholesale | E7: Herbsmith | F7: Hip & Joint Chews | G7: Joint Support | H7: 40 | I7: 45 | J7: 1800
A8: 1007 | B8: Tail Waggers | C8: West | D8: WooCommerce | E8: MVD | F8: Smooth BM Plus | G8: Digestive | H8: 35 | I8: 38 | J8: 1330
A9: 1008 | B9: Healthy Paws | C9: West | D9: WooCommerce | E9: Herbsmith | F9: Carna4 Fish Formula | G9: Nutrition | H9: 22 | I9: 60 | J9: 1320
A10: 1009 | B10: FurEver Care | C10: South | D10: Wholesale | E10: SFP | F10: Liver Treats | G10: Immunity | H10: 18 | I10: 52 | J10: 936
A11: 1010 | B11: Paws & Play | C11: Midwest | D11: WooCommerce | E11: Herbsmith | F11: Hip & Joint Chews | G11: Joint Support | H11: 12 | I11: 45 | J11: 540
A12: 1011 | B12: Green Pet Co | C12: Northeast | D12: Wholesale | E12: MVD | F12: Comfort Vet | G12: Joint Support | H12: 30 | I12: 42 | J12: 1260
A13: 1012 | B13: Tail Waggers | C13: West | D13: WooCommerce | E13: Herbsmith | F13: Smooth BM Plus | G13: Digestive | H13: 28 | I13: 38 | J13: 1064
... A16: 1015 | B16: FurEver Care | C16: West | D16: Wholesale | E16: Herbsmith | F16: Liver Treats | G16: Immunity | H16: 45 | I16: 52 | J16: 2340

Sheet Product Revenue
A1: Product_Name | B1: Total_Revenue
A2: Hip & Joint Chews | B2: =SUMIF('Raw data'!F:F,'Product Revenue'!A2,'Raw data'!J:J) -> 5490
A3: Smooth BM Plus | B3: =SUMIF('Raw data'!F:F,'Product Revenue'!A3,'Raw data'!J:J) -> 3534
A4: Liver Treats | B4: =SUMIF('Raw data'!F:F,'Product Revenue'!A4,'Raw data'!J:J) -> 4316
A5: Carna4 Fish Formula | B5: =SUMIF('Raw data'!F:F,'Product Revenue'!A5,'Raw data'!J:J) -> 2820
A6: Comfort Vet | B6: =SUMIF('Raw data'!F:F,'Product Revenue'!A6,'Raw data'!J:J) -> 2310

Sheet Revenue_Analysis
A1: Brand | B1: Total Revenue
A2: Herbsmith | B2: =SUMIF('Raw data'!E:E,Revenue_Analysis!A2,'Raw data'!J:J) -> 10214
A3: SFP | B3: =SUMIF('Raw data'!E:E,Revenue_Analysis!A3,'Raw data'!J:J) -> 3726
A4: MVD | B4: =SUMIF('Raw data'!E:E,Revenue_Analysis!A4,'Raw data'!J:J) -> 4530

Sheet Regional Analysis
A1: Region | B1: Total Revenue | C1: Total Orders | D1: Avg Order Value
